<?xml version="1.0" encoding="UTF-8"?>
<project-private xmlns="http://www.netbeans.org/ns/project-private/1">
    <editor-bookmarks xmlns="http://www.netbeans.org/ns/editor-bookmarks/2" lastBookmarkId="0"/>
    <open-files xmlns="http://www.netbeans.org/ns/projectui-open-files/2">
        <group>
            <file>file:/Users/sgopalakrishna/Documents/Big%20Data/Netbeans/BigDataHw1Part5/web/WEB-INF/jsp/index.jsp</file>
            <file>file:/Users/sgopalakrishna/Documents/Big%20Data/Netbeans/BigDataHw1Part5/web/WEB-INF/dispatcher-servlet.xml</file>
            <file>file:/Users/sgopalakrishna/Documents/Big%20Data/Netbeans/BigDataHw1Part5/src/java/com/me/controller/DataController.java</file>
            <file>file:/Users/sgopalakrishna/Documents/Big%20Data/Netbeans/BigDataHw1Part5/web/WEB-INF/jsp/search.jsp</file>
            <file>file:/Users/sgopalakrishna/Documents/Big%20Data/Netbeans/BigDataHw1Part5/web/WEB-INF/jsp/results.jsp</file>
        </group>
    </open-files>
</project-private>
